DONOSTIA;;;;;;;;;;;;;;;;;;;;;;;;;;;;;;;;;;;;;;;;;;;;;;;;;;;;
2,014;;Acer;Aesculus;Alnus;Artemisia;Betula;Buxus;Carex;Castanea;Casuarina;Cedrus;Cistaceae;Compositae (otras);Corylus;Cupress/Taxaceae;Cyperus;Chenopo/Amarant;Equium;Ericaceae;Eucalyptus;Fraxinus;Gleditsia;Juglans;Juncaceae;Labiateae;Ligustrum;Mercurialis;Mimosa;Morus;No identificados;Olea;Palmaceae;Pinus;Plantago;Platanus;Poaceae;Populus;Quercus;Rosacea;Rumex;Salix;Sophora;Taraxacum;Tilia;Typha;Ulmus;Umbelliferae;Urticaceae; TOTAL;Alternaria;;
1   Ene.;;0;0;0;0;0;;0;0;;0;;0;2;2;;0;;0;0;1;;0;;;0;0;0;;0;0;;0;0;0;0;0;0;0;0;0;;0;0;;0;0;0;5;0;;
2   Ene.;;0;0;0;0;0;;0;0;;0;;0;8;20;;0;;0;0;0;;0;;;0;0;0;;0;0;;0;0;0;0;0;0;0;0;0;;0;0;;0;0;0;28;0;;
3   Ene.;;0;0;0;0;0;;0;0;;0;;0;7;2;;0;;0;0;0;;0;;;0;0;0;;0;0;;0;0;0;0;0;0;0;0;1;;0;0;;0;0;0;10;0;;
4   Ene.;;0;0;0;0;0;;0;0;;0;;0;5;1;;0;;0;0;1;;0;;;0;0;0;;0;0;;0;0;0;0;0;0;0;0;0;;0;0;;0;0;0;7;0;;
5   Ene.;;0;0;0;0;0;;0;0;;0;;0;10;8;;0;;0;0;1;;0;;;0;0;0;;2;0;;1;0;0;0;0;0;0;0;0;;0;0;;0;0;0;22;0;;
6   Ene.;;0;0;0;0;0;;0;0;;0;;0;9;10;;0;;0;0;1;;0;;;0;0;0;;1;0;;1;0;0;0;0;0;0;0;0;;0;0;;0;0;1;23;0;;
7   Ene.;;0;0;0;0;0;;0;0;;0;;0;9;15;;0;;0;0;0;;0;;;0;0;0;;0;0;;0;0;0;0;0;0;0;0;0;;0;0;;0;0;0;24;0;;
8   Ene.;;0;0;1;0;0;;0;0;;0;;0;31;92;;0;;0;0;2;;0;;;0;0;0;;1;0;;0;0;0;0;0;1;0;0;0;;0;0;;0;0;1;129;0;;
9   Ene.;;0;0;0;0;0;;0;0;;0;;0;3;11;;0;;0;0;0;;0;;;0;0;0;;1;0;;0;0;0;0;0;0;0;0;0;;0;0;;0;0;0;15;0;;
10 Ene.;;0;0;1;0;0;;0;0;;0;;0;2;2;;0;;0;0;1;;0;;;0;0;0;;0;0;;0;0;0;0;0;0;0;0;0;;0;0;;0;0;0;6;0;;
11 Ene.;;0;0;4;0;0;;0;0;;0;;0;16;5;;0;;0;0;0;;0;;;0;0;0;;1;0;;0;0;0;0;0;0;0;0;0;;0;0;;0;0;0;26;1;;
12 Ene.;;0;0;2;0;0;;0;0;;0;;0;25;4;;1;;0;0;1;;0;;;0;0;0;;0;0;;0;0;0;0;0;0;0;0;0;;0;0;;0;0;0;33;0;;
13 Ene.;;0;0;2;0;0;;0;0;;0;;0;13;8;;0;;0;0;2;;0;;;0;0;0;;0;0;;0;0;0;0;0;0;0;0;1;;0;0;;0;0;0;26;0;;
14 Ene.;;0;0;0;0;0;;0;0;;0;;0;0;0;;0;;0;0;0;;0;;;0;0;0;;0;0;;0;0;0;0;0;0;0;0;0;;0;0;;0;0;0;0;0;;
15 Ene.;;0;0;2;0;0;;0;0;;0;;0;19;5;;0;;0;0;1;;0;;;0;0;0;;0;0;;0;0;0;0;0;0;0;0;1;;0;0;;0;0;0;28;0;;
16 Ene.;;0;0;2;0;0;;0;0;;0;;0;19;8;;0;;0;0;1;;0;;;0;0;0;;0;0;;1;0;0;1;0;0;0;0;1;;0;0;;0;0;0;33;0;;
17 Ene.;;0;0;5;0;0;;0;0;;0;;0;8;19;;0;;0;0;1;;0;;;0;1;0;;0;0;;1;0;0;0;0;0;0;0;0;;0;0;;0;0;0;35;0;;
18 Ene.;;0;0;0;0;0;;0;0;;0;;0;4;1;;0;;0;0;0;;0;;;0;0;0;;0;0;;1;0;0;0;0;0;0;0;0;;0;0;;0;0;0;6;0;;
19 Ene.;;0;0;0;0;0;;0;0;;0;;0;0;1;;0;;0;0;0;;0;;;0;0;0;;0;0;;2;0;0;0;0;0;0;0;0;;0;0;;0;0;0;3;0;;
20 Ene.;;0;0;0;0;0;;0;0;;0;;0;0;0;;0;;0;0;0;;0;;;0;0;0;;0;0;;0;0;0;0;0;0;0;0;0;;0;0;;0;0;0;0;0;;
21 Ene.;;0;0;7;0;0;;0;0;;0;;0;11;1;;0;;0;0;0;;0;;;0;0;0;;0;0;;4;0;0;0;0;0;0;0;0;;0;0;;0;0;0;23;0;;
22 Ene.;;0;0;0;0;0;;0;0;;0;;0;0;0;;0;;0;0;0;;0;;;0;0;0;;0;0;;0;0;0;0;0;0;0;0;0;;0;0;;0;0;0;0;0;;
23 Ene.;;0;0;0;0;0;;0;0;;0;;0;0;0;;0;;0;0;0;;0;;;0;0;0;;0;0;;0;0;0;0;0;0;0;0;0;;0;0;;0;0;0;0;0;;
24 Ene.;;0;0;0;0;0;;0;0;;0;;0;0;0;;0;;0;0;1;;0;;;0;0;0;;0;0;;2;0;0;0;0;0;0;0;0;;0;0;;0;0;0;3;0;;
25 Ene.;;0;0;0;0;0;;0;0;;0;;0;0;0;;0;;0;0;0;;0;;;0;0;0;;0;0;;0;0;0;0;0;0;0;0;0;;0;0;;0;0;0;0;0;;
26 Ene.;;0;0;4;0;0;;0;0;;0;;0;4;3;;0;;0;0;0;;0;;;0;0;0;;0;0;;20;0;0;0;0;0;0;0;0;;0;0;;0;0;0;31;0;;
27 Ene.;;0;0;0;0;0;;0;0;;0;;0;0;1;;0;;0;0;0;;0;;;0;0;0;;1;0;;4;0;0;0;0;0;0;0;0;;0;0;;0;0;0;6;0;;
28 Ene.;;0;0;6;0;0;;0;0;;0;;0;5;6;;0;;0;1;1;;0;;;0;0;0;;0;0;;29;0;0;0;0;1;0;0;0;;0;0;;0;0;0;49;0;;
29 Ene.;;0;0;1;0;0;;0;0;;0;;0;1;0;;0;;0;0;0;;0;;;0;0;0;;0;0;;6;0;0;0;0;0;0;0;0;;0;0;;0;0;0;8;0;;
30 Ene.;;0;0;0;0;0;;0;0;;0;;0;0;0;;0;;0;0;0;;0;;;0;0;0;;0;0;;5;0;0;0;0;0;0;0;0;;0;0;;0;0;0;5;0;;
31 Ene.;;0;0;17;0;0;;0;0;;0;;0;15;14;;0;;0;0;0;;0;;;0;0;0;;0;0;;64;0;0;0;0;1;0;0;0;;0;0;;0;0;0;111;0;;
1    Feb.;;0;0;0;0;0;;0;0;;0;;0;1;0;;0;;0;0;0;;0;;;0;0;0;;0;0;;2;0;0;0;0;0;0;0;0;;0;0;;0;0;0;3;0;;
2   Feb.;;0;0;13;0;0;;0;0;;0;;0;10;1;;0;;0;1;2;;0;;;0;0;0;;0;0;;58;0;0;0;0;0;0;0;0;;0;0;;0;0;0;85;0;;
3   Feb.;;0;0;7;0;0;;0;0;;0;;0;6;1;;0;;0;0;0;;0;;;0;0;0;;0;0;;31;0;0;0;0;0;0;0;0;;0;0;;0;0;0;45;0;;
4   Feb.;;0;0;10;0;0;;0;0;;0;;0;10;5;;0;;0;0;1;;0;;;0;0;0;;0;0;;39;0;0;0;0;0;0;0;0;;0;0;;0;0;1;66;0;;
5   Feb.;;0;0;16;0;0;;0;0;;0;;0;10;10;;0;;0;1;3;;0;;;0;0;0;;0;0;;44;0;0;1;0;0;0;0;1;;0;0;;1;0;0;87;0;;
6   Feb.;;0;0;25;1;0;;0;0;;0;;0;12;25;;0;;0;0;1;;0;;;0;0;0;;0;0;;47;0;0;1;0;0;0;0;1;;0;0;;2;0;2;117;0;;
7   Feb.;;0;0;27;0;0;;0;0;;0;;0;16;24;;0;;0;0;0;;0;;;0;1;0;;0;0;;55;0;0;0;0;0;0;0;2;;0;0;;0;0;0;125;0;;
8   Feb.;;0;0;5;0;0;;0;0;;0;;0;7;0;;0;;0;0;2;;0;;;0;0;0;;0;0;;31;0;0;0;0;0;0;0;1;;0;0;;0;0;1;47;0;;
9   Feb.;;0;0;3;0;0;;0;0;;0;;0;9;1;;0;;0;1;1;;0;;;0;0;0;;0;0;;20;0;0;0;0;0;0;0;7;;0;0;;0;0;0;42;0;;
10 Feb.;;0;0;10;0;0;;0;0;;0;;0;1;1;;0;;0;0;0;;0;;;0;0;0;;0;0;;10;0;0;0;0;0;0;0;0;;0;0;;0;0;0;22;0;;
11 Feb.;;0;0;1;0;0;;0;0;;0;;0;1;0;;0;;0;0;0;;0;;;0;0;0;;0;0;;5;0;0;0;0;0;0;0;0;;0;0;;0;0;0;7;0;;
12 Feb.;;0;0;52;0;0;;0;0;;0;;0;19;10;;0;;0;0;2;;0;;;0;0;0;;0;0;;49;0;0;0;0;0;0;0;6;;0;0;;1;0;0;139;0;;
13 Feb.;;0;0;37;0;0;;0;0;;0;;0;10;11;;0;;0;0;1;;0;;;0;0;0;;0;0;;47;0;0;1;1;0;0;0;8;;0;0;;1;0;1;118;0;;
14 Feb.;;0;0;29;0;0;;0;0;;0;;0;14;57;;0;;0;0;6;;0;;;0;0;0;;1;0;;20;0;0;1;1;0;0;0;1;;0;0;;1;0;2;133;1;;
15 Feb.;;0;0;0;0;0;;0;0;;0;;0;1;0;;0;;0;0;0;;0;;;0;0;0;;0;0;;5;0;0;0;0;0;0;0;0;;0;0;;0;0;1;7;0;;
16 Feb.;;0;0;50;0;0;;0;0;;0;;0;13;8;;0;;0;0;1;;0;;;0;0;0;;0;0;;88;0;0;0;1;0;0;0;2;;0;0;;1;0;0;164;0;;
17 Feb.;;0;0;60;0;0;;0;0;;0;;0;11;36;;0;;0;0;3;;0;;;0;0;0;;2;0;;31;0;0;1;1;0;0;0;43;;0;0;;5;0;0;193;0;;
18 Feb.;;0;0;5;0;0;;0;0;;0;;0;2;4;;0;;0;0;1;;0;;;0;0;0;;0;0;;3;0;0;1;0;0;0;0;1;;0;0;;0;0;0;17;0;;
19 Feb.;;0;0;12;0;0;;0;0;;0;;0;2;0;;0;;0;0;2;;0;;;0;0;0;;0;0;;12;0;0;0;0;0;0;0;2;;0;0;;1;0;0;31;0;;
20 Feb.;;0;0;59;0;0;;0;0;;0;;0;18;14;;0;;0;0;4;;0;;;0;0;0;;0;0;;91;0;0;1;0;0;0;0;3;;0;0;;4;0;1;195;0;;
21 Feb.;;0;0;13;0;0;;0;0;;0;;0;3;2;;0;;0;1;1;;0;;;0;0;0;;0;0;;25;0;0;1;0;0;0;0;5;;0;0;;2;0;1;54;0;;
22 Feb.;;0;0;23;0;0;;0;0;;0;;0;5;1;;0;;0;0;4;;0;;;0;0;0;;0;0;;49;0;0;0;0;0;0;0;1;;0;0;;0;0;0;83;0;;
23 Feb.;;0;0;64;0;0;;0;0;;0;;0;13;16;;0;;0;0;16;;0;;;0;0;0;;2;0;;26;1;0;1;7;0;0;0;45;;0;0;;1;0;2;194;0;;
24 Feb.;;0;0;54;0;0;;0;0;;0;;0;7;37;;0;;0;0;15;;0;;;0;0;0;;0;0;;104;0;0;2;1;0;0;1;11;;0;0;;2;0;4;238;0;;
25 Feb.;;0;0;10;0;0;;0;0;;0;;0;1;1;;0;;0;1;4;;0;;;0;0;0;;0;0;;31;0;0;0;0;0;0;0;2;;0;0;;0;0;0;50;0;;
26 Feb.;;0;0;5;0;0;;0;0;;0;;0;1;1;;0;;0;0;0;;0;;;0;0;0;;1;0;;7;0;0;0;1;0;0;0;1;;0;0;;1;0;1;19;0;;
27 Feb.;;0;0;13;0;0;;0;0;;0;;0;3;4;;0;;0;0;18;;0;;;0;0;0;;0;0;;4;0;0;0;2;0;0;0;5;;0;0;;1;0;0;50;0;;
28 Feb.;;0;0;0;0;0;;0;0;;0;;0;1;0;;0;;0;0;0;;0;;;0;0;0;;0;0;;0;0;0;0;0;0;0;0;0;;0;0;;0;0;0;1;0;;
1 Mar.;;0;0;0;0;0;;0;0;;0;;0;0;0;;0;;0;0;0;;0;;;0;0;0;;0;0;;0;0;0;0;0;0;0;0;0;;0;0;;0;0;0;0;0;;
2 Mar.;;0;0;2;0;0;;0;0;;0;;0;1;1;;0;;0;0;7;;0;;;0;0;0;;1;0;;1;0;0;0;0;0;0;0;1;;0;0;;0;0;0;14;0;;
3 Mar.;;0;0;16;0;0;;0;0;;0;;0;19;2;;0;;0;0;5;;0;;;0;0;0;;1;0;;79;0;0;1;0;0;0;0;10;;0;0;;0;0;3;136;0;;
4 Mar.;;0;0;1;0;0;;0;0;;0;;0;1;1;;0;;0;1;1;;0;;;0;0;0;;0;0;;0;0;0;0;0;0;0;0;0;;0;0;;0;0;1;6;1;;
5 Mar.;;0;0;0;0;0;;0;0;;0;;0;1;2;;0;;0;1;0;;0;;;0;0;0;;0;0;;1;0;0;0;1;0;0;0;0;;0;0;;0;0;0;6;0;;
6 Mar.;;0;0;14;0;0;;0;0;;0;;0;17;19;;0;;0;0;9;;0;;;0;0;0;;0;0;;46;0;0;0;1;0;0;0;1;;0;0;;1;0;2;110;0;;
7 Mar.;;0;0;1;0;0;;0;0;;0;;0;11;13;;0;;0;0;10;;0;;;0;0;0;;0;0;;44;0;0;0;1;0;0;0;1;;0;0;;0;0;2;83;0;;
8 Mar.;;0;0;7;0;0;;0;0;;0;;0;21;91;;0;;0;0;30;;0;;;0;0;0;;1;0;;97;0;0;0;3;0;0;0;4;;0;0;;1;0;2;257;0;;
9 Mar.;;0;0;1;0;0;;0;0;;0;;0;11;26;;0;;0;0;11;;0;;;0;0;0;;1;0;;29;0;0;0;1;0;0;0;2;;0;0;;0;0;5;87;1;;
10 Mar.;;0;0;5;0;0;;0;0;;0;;0;1;14;;0;;0;0;24;;0;;;0;0;0;;1;1;;1;0;0;1;1;1;0;0;1;;0;0;;1;0;1;53;0;;
11 Mar.;;0;0;5;0;0;;0;0;;0;;0;1;11;;0;;0;0;13;;0;;;0;0;0;;0;0;;11;0;0;0;3;0;0;0;2;;0;0;;1;0;1;48;1;;
12 Mar.;;0;0;8;0;2;;1;0;;0;;0;13;46;;0;;0;0;45;;0;;;0;1;0;;4;0;;16;0;0;5;11;3;0;0;4;;0;0;;2;0;3;164;1;;
13 Mar.;;0;0;10;0;0;;2;0;;0;;0;5;83;;0;;0;0;44;;0;;;0;1;0;;3;0;;13;1;0;1;9;11;0;1;7;;0;0;;3;0;2;196;0;;
14 Mar.;;0;0;4;0;0;;0;0;;0;;0;4;8;;0;;0;0;19;;0;;;0;0;0;;2;0;;1;1;0;2;2;3;0;0;3;;0;0;;0;0;1;50;1;;
15 Mar.;;0;0;0;0;0;;0;0;;0;;0;0;4;;0;;0;0;1;;0;;;0;0;0;;0;0;;1;0;0;2;0;0;0;0;0;;0;0;;0;0;0;8;0;;
16 Mar.;;0;0;1;0;0;;0;0;;0;;0;0;2;;0;;0;0;7;;0;;;0;0;0;;0;0;;1;1;0;1;1;3;0;0;1;;0;0;;0;0;0;18;1;;
17 Mar.;;0;0;4;0;1;;1;0;;0;;0;0;8;;0;;0;2;13;;0;;;0;1;0;;4;0;;8;1;2;1;6;5;0;1;7;;0;0;;0;0;0;65;0;;
18 Mar.;;0;0;0;0;0;;0;0;;0;;0;0;2;;0;;0;0;2;;0;;;0;0;0;;1;0;;2;0;1;0;1;1;0;0;0;;0;0;;0;0;0;10;1;;
19 Mar.;;0;0;1;0;2;;0;0;;0;;0;0;10;;0;;0;0;9;;0;;;0;1;0;;5;0;;14;0;1;1;2;13;0;0;1;;0;0;;0;0;0;60;1;;
20 Mar.;;0;0;5;0;1;;0;0;;0;;0;0;14;;0;;0;0;10;;0;;;0;0;0;;2;0;;16;2;1;1;3;17;0;0;4;;0;0;;1;0;1;78;0;;
21 Mar.;;0;0;1;0;2;;0;0;;0;;0;0;25;;0;;0;0;8;;0;;;0;0;0;;3;0;;13;1;0;1;4;10;0;1;0;;0;0;;0;0;0;69;1;;
22 Mar.;;0;0;0;0;0;;0;0;;0;;0;0;1;;0;;0;0;0;;0;;;0;0;0;;0;0;;2;0;0;0;0;2;0;0;0;;0;0;;0;0;0;5;0;;
23 Mar.;;0;0;0;0;1;;0;0;;0;;0;0;1;;0;;0;0;0;;0;;;0;0;0;;0;0;;2;0;0;0;0;3;0;0;1;;0;0;;0;0;0;8;1;;
24 Mar.;;0;0;0;0;0;;0;0;;0;;0;0;1;;0;;0;0;9;;0;;;0;0;0;;0;0;;5;0;0;0;0;6;0;1;0;;0;0;;1;0;0;23;0;;
25 Mar.;;0;0;4;0;0;;0;0;;0;;0;0;2;;0;;0;0;2;;0;;;0;0;0;;0;0;;0;0;1;0;1;0;0;0;0;;0;0;;1;0;0;11;0;;
26 Mar.;;0;0;0;0;0;;0;0;;0;;0;0;0;;0;;0;0;0;;0;;;0;0;0;;0;0;;0;0;2;0;0;0;0;0;0;;0;0;;0;0;0;2;0;;
27 Mar.;;0;0;0;0;2;;0;0;;0;;0;0;3;;0;;0;0;16;;0;;;0;0;0;;1;0;;8;0;6;4;1;25;0;0;1;;0;0;;1;0;1;69;0;;
28 Mar.;;1;0;1;0;2;;0;0;;0;;0;0;10;;0;;0;0;0;;0;;;0;0;0;;7;0;;8;0;14;1;4;45;0;0;0;;0;0;;1;0;3;97;1;;
29 Mar.;;0;0;2;0;5;;1;0;;0;;0;0;19;;0;;1;0;24;;0;;;0;1;0;;13;2;;10;2;47;2;21;71;0;0;4;;0;1;;3;0;4;233;0;;
30 Mar.;;2;0;0;0;8;;1;0;;0;;0;0;10;;0;;0;0;13;;0;;;0;0;0;;5;0;;2;1;122;5;9;86;0;1;1;;0;0;;4;0;4;274;0;;
31 Mar.;;0;0;1;0;19;;1;0;;0;;0;0;14;;0;;0;0;23;;0;;;0;1;0;;10;2;;11;2;279;3;19;95;0;1;0;;0;0;;2;0;8;491;0;;
1  Abr.;;0;0;1;0;13;;2;0;;0;;0;0;98;;1;;1;1;13;;0;;;0;1;0;;9;0;;23;4;436;5;24;107;0;1;8;;0;0;;1;1;13;763;1;;
2  Abr.;;0;0;1;0;10;;0;0;;0;;0;0;11;;0;;0;0;5;;0;;;0;0;0;;7;1;;10;2;223;1;6;41;0;0;0;;0;0;;4;0;4;326;0;;
3  Abr.;;0;0;0;0;0;;0;0;;0;;0;0;1;;0;;0;0;0;;0;;;0;0;0;;0;0;;1;0;2;0;0;0;0;0;0;;0;0;;0;0;0;4;0;;
4  Abr.;;0;0;0;0;1;;0;0;;0;;0;0;3;;0;;0;0;3;;0;;;0;0;0;;0;0;;8;2;41;1;2;2;0;2;0;;0;0;;0;0;0;65;0;;
5  Abr.;;0;0;0;0;11;;0;0;;0;;0;0;7;;0;;0;0;5;;0;;;0;0;0;;0;0;;5;2;232;0;3;31;0;2;0;;0;0;;0;0;2;300;0;;
6  Abr.;;0;0;1;0;113;;2;0;;0;;0;0;20;;0;;0;0;11;;2;;;0;0;0;;11;1;;94;11;682;5;11;416;0;0;0;;0;0;;0;0;6;1,386;0;;
7  Abr.;;0;0;0;0;6;;0;0;;0;;0;0;4;;0;;0;0;0;;0;;;0;0;0;;1;1;;3;0;17;1;0;7;0;1;0;;0;0;;0;0;4;45;0;;
8  Abr.;;0;0;0;0;8;;1;0;;0;;0;0;1;;0;;0;0;1;;1;;;0;0;0;;0;0;;55;0;23;1;0;23;0;1;0;;0;0;;1;0;0;116;1;;
9  Abr.;;0;0;0;0;1;;1;0;;0;;0;0;1;;0;;0;0;1;;0;;;0;0;0;;2;0;;14;1;82;3;1;73;0;3;1;;0;0;;0;0;0;184;1;;
10 Abri.;;0;0;0;0;31;;0;0;;0;;0;0;2;;0;;0;0;0;;0;;;0;0;0;;1;0;;8;1;102;1;0;24;0;0;0;;0;0;;0;0;5;175;0;;
11 Abri.;;0;0;0;0;1;;0;0;;0;;0;0;1;;0;;0;0;0;;0;;;0;0;0;;1;1;;2;0;2;1;0;3;0;0;0;;0;0;;0;0;0;12;0;;
12 Abri.;;0;0;0;0;2;;0;0;;0;;0;0;0;;0;;0;0;0;;0;;;0;0;0;;3;0;;2;0;10;1;0;5;0;1;1;;0;0;;0;0;1;26;0;;
13 Abri.;;0;0;0;0;2;;0;0;;0;;0;0;1;;0;;0;0;0;;0;;;0;0;0;;4;0;;4;0;11;2;0;7;0;0;0;;0;0;;0;0;1;32;1;;
14 Abri.;;0;0;0;0;4;;2;0;;0;;0;0;3;;0;;0;0;1;;0;;;0;0;0;;7;2;;17;2;25;3;0;208;0;3;0;;0;0;;1;0;2;280;0;;
15 Abri.;;0;0;0;0;54;;1;0;;0;;0;0;5;;0;;0;1;5;;1;;;0;0;0;;16;0;;20;2;64;17;0;225;0;7;1;;0;0;;0;0;8;427;1;;
16 Abri.;;0;0;0;0;41;;0;0;;0;;0;0;5;;0;;0;0;0;;1;;;0;0;0;;7;1;;8;6;22;5;0;54;0;7;1;;0;0;;0;0;6;164;0;;
17 Abri.;;0;0;0;0;5;;0;0;;0;;0;0;0;;0;;0;0;0;;0;;;0;0;0;;4;0;;1;0;3;3;0;9;0;1;0;;0;0;;0;0;4;30;0;;
18 Abri.;;0;0;0;0;1;;0;0;;0;;0;0;0;;0;;0;0;0;;0;;;0;1;0;;2;0;;1;1;5;2;0;2;0;0;0;;0;0;;0;0;1;16;0;;
19 Abri.;;0;0;0;0;8;;1;0;;0;;0;0;1;;0;;0;0;0;;0;;;0;0;0;;2;1;;2;0;4;3;0;5;0;1;0;;0;0;;0;1;1;30;0;;
20 Abri.;;0;0;0;0;0;;0;0;;0;;0;0;0;;0;;0;0;0;;0;;;0;0;0;;0;0;;1;0;1;0;0;1;0;1;0;;0;0;;0;0;0;4;0;;
21 Abri.;;0;0;0;0;1;;0;0;;0;;0;0;1;;0;;0;0;0;;0;;;0;0;0;;1;0;;1;0;2;0;0;2;0;0;0;;0;0;;0;0;1;9;0;;
22 Abri.;;0;0;0;0;14;;0;0;;0;;0;0;4;;0;;0;0;0;;1;;;0;0;0;;5;0;;10;1;8;6;0;31;0;1;0;;0;0;;0;0;1;82;0;;
23 Abri.;;0;0;0;0;8;;0;0;;0;;0;0;2;;0;;0;0;0;;0;;;0;0;0;;4;2;;17;3;8;2;0;20;0;2;0;;0;0;;0;0;2;70;1;;
24 Abri.;;0;0;0;0;1;;0;0;;0;;0;0;1;;0;;0;0;0;;0;;;0;0;0;;8;1;;3;1;1;1;0;7;0;0;0;;0;0;;0;0;1;25;0;;
25 Abri.;;0;0;0;0;11;;0;0;;0;;0;0;2;;0;;0;1;0;;1;;;0;0;0;;1;1;;1;1;6;6;0;12;0;1;0;;0;0;;0;0;1;45;0;;
26 Abri.;;0;0;0;0;1;;0;0;;0;;0;0;0;;0;;0;0;0;;0;;;0;0;0;;1;0;;4;0;0;0;0;1;0;0;0;;0;0;;0;0;1;8;0;;
27 Abri.;;0;0;0;0;0;;0;0;;0;;0;0;0;;0;;0;0;0;;0;;;0;0;0;;1;0;;0;0;0;0;0;0;0;0;0;;0;0;;0;0;0;1;0;;
28 Abri.;;0;0;0;0;4;;0;0;;0;;0;0;0;;0;;0;0;0;;0;;;1;0;0;;1;0;;0;0;0;1;0;7;0;0;0;;0;0;;0;0;3;17;0;;
29 Abri.;;0;0;0;0;0;;0;0;;0;;0;0;0;;0;;0;0;0;;0;;;0;0;0;;0;0;;0;0;0;0;0;0;0;0;0;;0;0;;0;0;0;0;0;;
30 Abri.;;0;0;0;0;1;;0;0;;0;;0;0;0;;0;;0;0;0;;0;;;0;0;0;;0;0;;0;0;0;0;0;1;0;0;0;;0;0;;0;0;1;3;1;;
1  May.;;0;0;0;0;0;;0;0;;0;;0;0;0;;0;;0;0;0;;0;;;0;0;0;;0;0;;0;0;0;1;0;0;0;0;0;;0;0;;0;0;0;1;0;;
2  May.;;0;0;0;0;0;;0;0;;0;;0;0;0;;0;;0;0;0;;0;;;0;0;0;;1;0;;0;0;0;0;0;0;0;1;0;;0;0;;0;0;1;3;0;;
3  May.;;0;0;0;0;1;;0;0;;0;;0;0;0;;0;;0;0;0;;0;;;0;0;0;;0;0;;0;0;1;1;0;1;0;1;0;;0;0;;0;0;0;5;0;;
4  May.;;0;0;0;0;1;;1;0;;0;;0;0;5;;0;;0;1;0;;0;;;2;0;0;;4;0;;5;2;3;19;0;17;0;4;0;;0;1;;0;0;2;67;0;;
5  May.;;0;0;0;0;14;;1;0;;0;;0;0;68;;0;;2;1;1;;1;;;7;0;0;;14;0;;13;4;0;25;0;67;0;4;1;;0;0;;1;0;10;234;4;;
6  May.;;0;0;1;0;2;;0;0;;0;;0;0;0;;0;;5;0;0;;0;;;2;0;0;;5;0;;9;2;0;5;0;49;0;1;0;;1;1;;0;0;0;83;0;;
7  May.;;0;0;0;0;2;;0;0;;0;;0;0;1;;0;;2;0;0;;0;;;0;0;0;;1;0;;1;1;0;2;0;6;0;1;0;;0;0;;0;0;0;17;0;;
8  May.;;0;0;0;0;3;;0;0;;0;;0;0;0;;0;;1;0;0;;0;;;2;0;0;;0;0;;0;1;0;2;0;10;0;2;0;;0;0;;0;0;0;21;0;;
9  May.;;0;0;0;0;1;;0;0;;0;;0;0;0;;0;;0;0;0;;0;;;1;0;0;;0;0;;0;0;0;0;0;0;0;0;0;;0;0;;0;0;1;3;0;;
10 May.;;0;0;0;0;0;;0;0;;0;;0;0;1;;0;;1;0;0;;0;;;1;0;0;;0;0;;4;1;0;5;0;5;0;2;0;;0;0;;0;0;2;22;0;;
11 May.;;0;0;0;0;0;;0;0;;0;;0;0;0;;0;;0;0;0;;0;;;1;0;0;;0;0;;1;0;0;0;0;0;0;0;0;;0;0;;0;0;0;2;0;;
12 May.;;0;0;0;0;0;;0;0;;0;;0;0;0;;0;;2;0;0;;0;;;1;0;0;;0;0;;1;0;0;0;0;2;0;0;0;;0;0;;0;0;1;7;0;;
13 May.;;0;0;0;0;0;;0;0;;0;;0;0;0;;0;;0;0;0;;0;;;0;0;0;;0;0;;1;0;0;1;0;1;0;0;0;;0;0;;0;0;0;3;0;;
14 May.;;0;0;0;0;0;;0;0;;0;;0;0;1;;0;;0;0;0;;0;;;1;0;0;;0;0;;3;2;0;11;0;2;0;1;0;;0;0;;0;0;1;22;0;;
15 May.;;0;0;0;0;0;;0;0;;0;;0;0;4;;0;;5;0;0;;0;;;2;7;0;;0;0;;29;8;0;116;0;52;0;1;0;;0;0;;0;0;8;232;0;;
16 May.;;0;0;0;0;0;;0;0;;0;;0;0;0;;0;;4;0;0;;0;;;1;1;0;;0;0;;6;2;0;17;0;7;0;4;0;;0;0;;0;1;2;45;0;;
17 May.;;0;0;0;0;0;;0;0;;0;;0;0;1;;0;;0;0;0;;0;;;5;0;0;;0;0;;14;1;0;8;0;7;0;0;0;;0;0;;0;0;1;37;0;;
18 May.;;0;0;0;0;0;;0;0;;0;;0;0;15;;3;;0;0;0;;0;;;25;2;0;;0;0;;68;2;0;83;0;205;0;17;0;;0;0;;0;0;11;431;0;;
19 May.;;0;0;0;0;0;;0;0;;0;;0;0;3;;0;;3;1;0;;0;;;4;0;0;;0;0;;17;2;0;12;0;34;0;2;0;;1;0;;0;0;1;80;0;;
20 May.;;0;0;0;0;0;;0;0;;0;;0;0;4;;0;;1;0;0;;0;;;9;0;0;;0;0;;15;5;0;29;0;16;0;2;0;;0;0;;0;0;6;87;0;;
21 May.;;0;0;0;0;0;;0;0;;0;;1;0;2;;4;;2;0;0;;0;;;11;3;0;;0;0;;44;4;0;47;0;99;0;1;0;;0;0;;0;0;11;229;0;;
22 May.;;0;0;0;0;0;;0;0;;0;;0;0;0;;0;;0;0;0;;0;;;1;0;0;;0;0;;7;0;0;5;0;27;0;0;0;;0;0;;0;0;4;44;0;;
23 May.;;0;0;0;0;0;;0;0;;0;;0;0;0;;0;;0;0;0;;0;;;0;0;0;;0;0;;2;0;0;2;0;1;0;0;0;;0;0;;0;0;0;5;0;;
24 May.;;0;0;0;0;0;;0;0;;0;;0;0;0;;0;;0;0;0;;0;;;0;0;0;;0;0;;2;0;0;0;0;2;0;0;0;;0;0;;0;0;2;6;0;;
25 May.;;0;0;0;0;0;;0;0;;0;;0;0;0;;0;;0;0;0;;0;;;0;0;0;;0;0;;1;0;0;1;0;1;0;1;0;;0;0;;0;0;0;4;0;;
26 May.;;0;0;0;0;0;;0;0;;0;;0;0;1;;0;;0;0;0;;0;;;1;0;0;;0;0;;2;0;0;8;0;2;0;0;0;;0;0;;0;0;0;14;0;;
27 May.;;0;0;0;0;0;;0;0;;0;;0;0;1;;0;;0;0;0;;0;;;0;0;0;;0;0;;3;2;0;16;0;7;0;2;0;;0;0;;0;0;2;33;0;;
28 May.;;0;0;0;0;0;;0;0;;0;;0;0;0;;0;;0;0;0;;0;;;0;0;0;;0;0;;1;1;0;4;0;2;0;0;0;;0;0;;0;0;0;8;0;;
29 May.;;0;0;0;0;0;;0;0;;0;;0;0;0;;0;;0;0;0;;0;;;4;0;0;;0;0;;0;0;0;1;0;2;0;0;0;;0;0;;0;0;0;7;0;;
30 May.;;0;0;0;0;0;;0;0;;0;;0;0;0;;0;;0;0;0;;0;;;0;0;0;;0;0;;0;0;0;0;0;0;0;0;0;;0;0;;0;0;0;0;0;;
31 May.;;0;0;0;0;0;;0;0;;0;;0;0;0;;0;;0;0;0;;0;;;0;0;0;;0;0;;0;0;0;1;0;0;0;0;0;;0;0;;0;0;1;2;0;;
1 Jun.;;0;0;0;0;0;;0;0;;0;;0;0;2;;0;;0;0;0;;0;;;0;0;0;;0;0;;0;0;0;21;0;2;0;0;0;;0;0;;0;0;7;32;0;;
2 Jun.;;0;0;0;0;0;;0;0;;0;;0;0;2;;0;;0;0;0;;0;;;0;0;0;;0;0;;0;0;0;10;0;1;0;0;0;;0;0;;0;0;4;17;0;;
3 Jun.;;0;0;0;0;0;;0;0;;0;;0;0;0;;0;;1;0;0;;0;;;0;0;0;;0;0;;1;2;0;2;0;9;0;0;0;;0;0;;0;0;5;20;0;;
4 Jun.;;0;0;0;0;0;;0;0;;0;;0;0;1;;0;;0;0;0;;0;;;0;0;0;;0;0;;1;0;0;2;0;1;0;0;0;;0;0;;0;0;0;5;0;;
5 Jun.;;0;0;0;0;0;;0;1;;0;;0;0;7;;2;;0;0;0;;0;;;23;21;0;;0;0;;91;3;0;92;0;27;0;8;0;;0;1;;0;0;22;298;6;;
6 Jun.;;0;0;0;0;0;;0;1;;0;;0;0;1;;1;;1;1;0;;0;;;17;9;0;;1;0;;37;1;0;36;0;89;0;1;0;;0;0;;0;1;16;213;8;;
7 Jun.;;0;0;0;0;0;;0;0;;0;;0;0;8;;0;;0;0;0;;0;;;5;0;0;;0;0;;40;6;0;50;0;61;0;5;0;;0;0;;0;0;7;182;0;;
8 Jun.;;0;0;0;0;0;;0;2;;0;;0;0;1;;0;;2;0;0;;0;;;1;0;0;;0;0;;2;0;0;8;0;8;0;3;0;;2;0;;0;0;2;31;0;;
9 Jun.;;0;0;0;0;0;;0;4;;0;;0;0;2;;0;;0;0;0;;0;;;4;1;0;;0;0;;4;3;0;8;0;7;0;0;0;;0;0;;0;0;8;41;0;;
10 Jun.;;0;0;0;0;0;;0;0;;0;;0;0;1;;1;;1;0;0;;0;;;1;0;0;;0;0;;10;2;0;7;0;7;0;1;0;;0;0;;0;0;0;31;0;;
11 Jun.;;0;0;0;0;0;;1;2;;0;;0;0;0;;2;;0;0;0;;0;;;3;2;0;;3;0;;15;2;0;27;0;1;0;2;0;;0;1;;0;0;17;78;4;;
12 Jun.;;0;0;0;0;0;;0;2;;0;;0;0;0;;0;;0;0;0;;0;;;2;0;0;;3;0;;2;1;0;14;0;0;0;1;0;;0;0;;0;0;25;50;5;;
13 Jun.;;0;0;0;0;0;;0;0;;0;;0;0;0;;1;;0;0;0;;0;;;0;0;0;;0;0;;4;0;0;14;0;1;0;0;0;;0;0;;0;0;26;46;3;;
14 Jun.;;0;0;0;0;0;;0;3;;0;;0;0;0;;0;;0;1;0;;0;;;3;2;0;;2;0;;3;1;0;49;0;0;0;0;0;;0;0;;0;0;27;91;13;;
15 Jun.;;0;0;0;0;0;;0;2;;0;;0;0;1;;0;;0;0;0;;0;;;0;1;0;;3;0;;2;1;0;34;0;0;0;1;0;;0;0;;0;0;41;86;4;;
16 Jun.;;0;0;0;0;0;;0;5;;0;;0;0;1;;0;;0;0;0;;0;;;0;0;0;;4;0;;2;2;0;31;0;1;0;1;0;;0;0;;0;0;10;57;2;;
17 Jun.;;0;0;0;0;0;;0;4;;0;;0;0;0;;0;;0;0;0;;0;;;0;0;0;;4;0;;1;1;0;42;0;0;0;1;0;;0;0;;0;0;10;63;1;;
18 Jun.;;0;0;0;0;0;;0;10;;0;;0;0;0;;1;;0;0;0;;0;;;1;0;0;;5;0;;1;1;0;25;0;0;0;1;0;;0;0;;0;0;13;58;0;;
19 Jun.;;0;0;0;0;0;;0;20;;0;;0;0;1;;0;;0;0;0;;0;;;0;0;0;;1;0;;2;3;0;15;0;1;0;1;0;;0;0;;0;0;12;56;1;;
20 Jun.;;0;0;0;0;0;;0;44;;0;;0;0;1;;1;;0;0;0;;0;;;0;0;0;;3;0;;5;2;0;20;0;0;0;1;0;;0;0;;0;0;10;87;4;;
21 Jun.;;0;0;0;0;0;;0;5;;0;;0;0;1;;0;;0;0;0;;0;;;0;1;0;;2;0;;1;0;0;4;0;0;0;0;0;;0;0;;0;0;0;14;0;;
22 Jun.;;0;0;0;0;0;;0;3;;0;;0;0;1;;0;;0;0;0;;0;;;0;0;0;;2;0;;2;2;0;10;0;1;0;1;0;;0;0;;0;0;1;23;1;;
23 Jun.;;0;0;0;0;0;;0;1;;0;;0;0;0;;0;;0;0;0;;0;;;1;0;0;;2;0;;0;0;0;4;0;0;0;1;0;;0;0;;0;0;2;11;3;;
24 Jun.;;0;0;0;0;0;;0;13;;0;;0;0;0;;0;;0;0;0;;0;;;0;0;0;;1;0;;0;0;0;16;0;0;0;0;0;;0;0;;0;0;15;45;2;;
25 Jun.;;0;0;0;0;0;;0;14;;0;;0;0;0;;0;;0;0;0;;0;;;0;0;0;;1;0;;0;0;0;22;0;0;0;1;0;;0;0;;0;0;11;49;3;;
26 Jun.;;0;0;0;0;0;;0;2;;0;;0;0;1;;0;;0;0;0;;0;;;0;0;0;;0;0;;0;2;0;1;0;0;0;0;0;;0;0;;0;0;2;8;0;;
27 Jun.;;0;0;0;0;0;;0;11;;0;;0;0;0;;0;;0;0;0;;0;;;0;0;0;;1;0;;2;0;0;11;0;0;0;0;0;;0;0;;0;0;2;27;2;;
28 Jun.;;0;0;0;0;0;;0;7;;0;;0;0;1;;0;;0;0;0;;0;;;0;0;0;;0;0;;2;2;0;25;0;0;0;1;0;;0;0;;0;0;10;48;23;;
29 Jun.;;0;0;0;0;0;;0;1;;0;;0;0;1;;0;;0;0;0;;0;;;0;0;0;;0;0;;1;0;0;4;0;1;0;0;0;;0;0;;0;0;0;8;0;;
30 Jun.;;0;0;0;0;0;;0;4;;0;;0;0;0;;0;;0;0;0;;0;;;0;0;0;;0;0;;0;0;0;11;0;0;0;0;0;;0;0;;0;0;2;17;0;;
1 Jul.;;0;0;0;0;0;;0;1;;0;;0;0;0;;0;;0;0;0;;0;;;0;0;0;;0;0;;0;0;0;3;0;0;0;0;0;;0;0;;0;0;1;5;1;;
2 Jul.;;0;0;0;0;0;;1;4;;0;;0;0;0;;0;;0;0;0;;0;;;0;0;0;;0;0;;0;0;0;3;0;0;0;0;0;;0;0;;0;0;1;9;1;;
3 Jul.;;0;0;0;0;0;;0;3;;0;;0;0;0;;0;;0;0;0;;0;;;0;0;0;;0;0;;0;1;0;2;0;1;0;0;0;;0;0;;0;0;0;7;1;;
4 Jul.;;0;0;0;0;0;;0;14;;0;;0;0;0;;0;;0;0;0;;0;;;0;0;0;;1;0;;0;0;0;11;0;0;0;0;0;;0;0;;0;0;5;31;12;;
5 Jul.;;0;0;0;0;0;;1;22;;0;;0;0;2;;0;;1;0;0;;0;;;0;0;0;;0;0;;0;2;0;19;0;0;0;0;0;;0;0;;0;0;3;50;7;;
6 Jul.;;0;0;0;0;0;;0;1;;0;;0;0;0;;0;;0;0;0;;0;;;0;0;0;;2;0;;0;1;0;1;0;0;0;0;0;;0;0;;0;0;1;6;1;;
7 Jul.;;0;0;0;0;0;;1;2;;0;;0;0;0;;0;;0;0;0;;0;;;0;0;0;;0;0;;0;0;0;1;0;0;0;0;0;;0;0;;0;0;0;4;0;;
8 Jul.;;0;0;0;0;0;;0;3;;0;;0;0;0;;0;;0;0;0;;0;;;0;0;0;;0;0;;0;1;0;3;0;0;0;0;0;;0;0;;0;0;1;8;0;;
9 Jul.;;0;0;0;0;0;;0;2;;0;;0;0;0;;0;;0;0;0;;0;;;0;0;0;;1;0;;0;0;0;4;0;0;0;0;0;;0;0;;0;0;1;8;0;;
10 Jul.;;0;0;0;0;0;;0;0;;0;;0;0;0;;0;;0;0;0;;0;;;0;0;0;;0;0;;1;0;0;0;0;0;0;0;0;;0;0;;0;0;1;2;0;;
11 Jul.;;0;0;0;0;0;;0;1;;0;;0;0;0;;0;;0;0;0;;0;;;0;0;0;;0;0;;1;0;0;1;0;0;0;0;0;;0;0;;0;0;1;4;0;;
12 Jul.;;0;0;0;0;0;;0;1;;0;;0;0;0;;0;;0;0;0;;0;;;0;0;0;;0;0;;0;0;0;0;0;0;0;0;0;;0;0;;0;0;0;1;0;;
13 Jul.;;0;0;0;0;0;;0;6;;0;;0;0;0;;0;;0;0;0;;0;;;0;0;0;;1;0;;1;1;0;0;0;0;0;0;0;;0;0;;0;0;1;10;0;;
14 Jul.;;0;0;0;0;0;;0;1;;0;;0;0;0;;0;;0;0;0;;0;;;0;0;0;;0;0;;0;0;0;2;0;0;0;0;0;;0;0;;0;0;1;4;0;;
15 Jul.;;0;0;0;0;0;;1;1;;0;;0;0;2;;0;;0;0;0;;0;;;0;0;0;;0;0;;2;7;0;15;0;0;0;0;0;;0;0;;0;0;7;35;2;;
16 Jul.;;0;0;0;0;0;;1;3;;0;;0;0;0;;1;;0;0;0;;0;;;1;1;0;;4;0;;0;2;0;4;0;0;0;0;0;;0;0;;0;0;23;40;17;;
17 Jul.;;0;0;0;0;0;;0;13;;0;;0;0;1;;0;;0;0;0;;0;;;0;0;0;;1;0;;0;2;0;11;0;0;0;1;0;;0;0;;0;1;10;40;8;;
18 Jul.;;0;0;0;0;0;;0;4;;0;;0;0;1;;2;;0;0;0;;0;;;0;0;0;;0;0;;1;1;0;9;0;0;0;0;0;;0;0;;0;0;1;19;7;;
19 Jul.;;0;0;0;0;0;;0;1;;0;;0;0;0;;2;;0;0;0;;0;;;0;1;0;;0;0;;0;2;0;7;0;1;0;0;0;;0;0;;0;0;17;31;1;;
20 Jul.;;0;0;0;0;0;;0;0;;0;;0;0;0;;0;;0;0;0;;0;;;0;0;0;;0;0;;0;0;0;0;0;0;0;0;0;;0;0;;0;0;0;0;0;;
21 Jul.;;0;0;0;0;0;;0;0;;0;;0;0;0;;0;;0;0;0;;0;;;0;0;0;;0;0;;0;1;0;1;0;0;0;0;0;;0;0;;0;0;1;3;0;;
22 Jul.;;0;0;0;0;0;;0;12;;0;;0;0;1;;1;;0;0;0;;0;;;0;4;0;;2;0;;0;3;0;1;0;0;0;0;0;;0;0;;0;0;5;29;23;;
23 Jul.;;0;0;0;0;0;;0;2;;0;;0;0;0;;0;;0;0;0;;0;;;0;2;0;;2;0;;1;3;0;5;0;0;0;0;0;;0;0;;0;0;15;30;33;;
24 Jul.;;0;0;0;0;0;;0;1;;0;;0;0;0;;0;;0;0;0;;0;;;0;0;0;;0;0;;1;1;0;1;0;0;0;0;0;;0;0;;0;0;23;27;31;;
25 Jul.;;0;0;0;0;0;;0;1;;0;;0;0;0;;1;;0;0;0;;0;;;0;0;0;;0;0;;0;0;0;2;0;0;0;0;0;;0;0;;0;0;28;32;19;;
26 Jul.;;0;0;0;1;0;;1;5;;0;;0;0;0;;0;;0;0;0;;0;;;0;0;0;;1;0;;0;1;0;1;0;0;0;0;0;;0;0;;0;0;17;27;24;;
27 Jul.;;0;0;0;0;0;;0;17;;0;;0;0;0;;1;;0;0;0;;0;;;0;1;0;;3;0;;0;2;0;5;0;0;0;0;0;;0;0;;0;0;61;90;95;;
28 Jul.;;0;0;0;0;0;;0;0;;0;;0;0;0;;0;;0;0;0;;0;;;0;0;0;;0;0;;0;0;0;0;0;0;0;0;0;;0;0;;0;0;2;2;3;;
29 Jul.;;0;0;0;0;0;;0;0;;0;;0;0;0;;0;;0;0;0;;0;;;0;0;0;;0;0;;0;1;0;1;0;0;0;0;0;;0;0;;0;0;7;9;6;;
30 Jul.;;0;0;0;0;0;;0;0;;0;;0;0;0;;0;;0;0;0;;0;;;0;0;0;;0;0;;0;1;0;0;0;0;0;0;0;;0;0;;0;0;5;6;4;;
31 Jul.;;0;0;0;1;0;;0;0;;0;;0;0;0;;0;;1;0;0;;0;;;0;1;0;;1;0;;0;1;0;1;0;0;0;0;0;;0;0;;0;0;13;19;11;;
1  Ago.;;0;0;0;0;0;;0;1;;0;;0;0;0;;1;;0;0;0;;0;;;0;1;0;;1;0;;0;1;0;4;0;0;0;0;0;;0;0;;0;1;6;16;9;;
2  Ago.;;0;0;0;0;0;;0;1;;0;;0;0;1;;0;;0;0;0;;0;;;0;0;0;;1;0;;0;2;0;1;0;0;0;0;0;;0;0;;0;0;9;15;1;;
3  Ago.;;0;0;0;0;0;;0;1;;0;;0;0;0;;0;;0;0;0;;0;;;0;0;0;;1;0;;0;1;0;0;0;0;0;0;0;;0;0;;0;0;0;3;0;;
4  Ago.;;0;0;0;0;0;;1;1;;0;;0;0;0;;1;;0;0;0;;0;;;0;0;0;;1;0;;1;0;0;1;0;0;0;0;0;;0;0;;0;0;3;9;0;;
5  Ago.;;0;0;0;1;0;;0;0;;0;;0;0;1;;0;;0;0;0;;0;;;0;1;0;;1;0;;1;5;0;1;0;0;0;0;0;;0;0;;0;0;29;40;5;;
6  Ago.;;0;0;0;1;0;;0;0;;0;;0;0;0;;0;;1;0;0;;0;;;0;0;0;;0;0;;0;2;0;2;0;0;0;0;0;;0;0;;0;0;13;19;1;;
7  Ago.;;0;0;0;0;0;;0;0;;0;;0;0;0;;0;;0;0;0;;0;;;1;0;0;;0;0;;0;2;0;0;0;0;0;0;0;;0;0;;0;0;8;11;0;;
8  Ago.;;0;0;0;0;0;;0;1;;0;;0;0;0;;0;;0;0;0;;0;;;0;0;0;;0;0;;0;5;0;4;0;0;0;1;0;;0;0;;0;0;10;21;5;;
9  Ago.;;0;0;0;0;0;;0;0;;0;;0;0;0;;2;;0;0;0;;0;;;0;0;0;;2;0;;1;8;0;1;0;0;0;0;0;;0;0;;0;1;43;58;4;;
10 Ago.;;0;0;0;0;0;;0;0;;0;;0;0;0;;1;;0;0;0;;0;;;0;0;0;;0;0;;0;0;0;0;0;0;0;0;0;;0;0;;0;0;11;12;7;;
11 Ago.;;0;0;0;0;0;;0;1;;0;;0;0;1;;1;;0;0;0;;0;;;0;0;0;;0;0;;0;4;0;1;0;0;0;1;0;;0;0;;0;1;37;47;2;;
12 Ago.;;0;0;0;0;0;;0;0;;0;;0;0;0;;0;;0;0;0;;0;;;0;0;0;;0;0;;0;0;0;0;0;0;0;0;0;;0;0;;0;0;0;0;0;;
13 Ago.;;0;0;0;0;0;;0;0;;0;;0;0;0;;0;;0;0;0;;0;;;0;0;0;;1;0;;0;1;0;0;0;0;0;0;0;;0;0;;0;0;4;6;0;;
14 Ago.;;0;0;1;0;0;;0;0;;0;;0;0;0;;0;;0;0;0;;0;;;0;0;0;;0;0;;0;3;0;0;0;0;0;0;0;;0;0;;0;0;0;4;0;;
15 Ago.;;0;0;0;0;0;;0;0;;0;;0;0;0;;0;;0;0;0;;0;;;0;0;0;;0;0;;0;0;0;0;0;0;0;0;0;;0;0;;0;0;2;2;0;;
16 Ago.;;0;0;0;0;0;;0;1;;0;;0;0;1;;1;;0;0;0;;0;;;0;0;0;;0;0;;0;3;0;0;0;0;1;0;0;;0;0;;0;0;19;26;0;;
17 Ago.;;0;0;0;0;0;;0;0;;0;;0;0;0;;0;;0;0;0;;0;;;0;0;0;;0;0;;0;1;0;1;0;0;0;0;0;;0;0;;0;1;8;11;0;;
18 Ago.;;0;0;0;0;0;;0;0;;0;;0;0;0;;5;;0;0;0;;0;;;0;0;0;;2;0;;0;2;0;1;0;0;0;0;0;;0;0;;0;0;12;22;4;;
19 Ago.;;0;0;0;0;0;;0;0;;0;;0;0;0;;2;;0;0;0;;0;;;0;1;0;;0;0;;0;0;0;0;0;0;0;0;0;;0;0;;0;0;4;7;1;;
20 Ago.;;0;0;0;0;0;;0;0;;0;;0;0;0;;0;;0;0;0;;0;;;0;0;0;;2;0;;0;0;0;1;0;0;0;0;0;;0;0;;0;0;11;14;1;;
21 Ago.;;0;0;0;0;0;;0;0;;0;;0;0;0;;1;;0;0;0;;0;;;0;0;0;;0;0;;1;1;0;0;0;0;0;0;0;;0;0;;0;0;8;11;2;;
22 Ago.;;0;0;0;0;0;;0;0;;0;;0;0;0;;0;;0;0;0;;0;;;0;0;0;;0;0;;0;0;0;0;0;0;0;0;0;;0;0;;0;0;1;1;0;;
23 Ago.;;0;0;0;0;0;;0;1;;0;;0;0;0;;0;;0;0;0;;0;;;0;0;0;;0;0;;0;0;0;2;0;0;0;0;0;;0;0;;0;0;5;8;0;;
24 Ago.;;0;0;0;0;0;;0;0;;0;;6;0;0;;1;;0;0;0;;0;;;0;0;0;;2;0;;1;3;0;2;0;0;0;0;0;;0;0;;0;1;11;27;0;;
25 Ago.;;0;0;0;0;0;;0;0;;0;;0;0;0;;1;;1;0;0;;0;;;0;0;0;;0;0;;0;4;0;3;0;0;0;0;0;;0;0;;0;0;29;38;0;;
26 Ago.;;0;0;0;0;0;;0;0;;0;;0;0;0;;0;;1;0;0;;0;;;0;0;0;;0;0;;0;1;0;0;0;0;0;0;0;;0;0;;0;0;10;12;0;;
27 Ago.;;0;0;0;0;0;;0;0;;0;;0;0;1;;2;;0;0;0;;0;;;0;0;0;;0;0;;0;0;0;1;0;0;0;0;0;;0;0;;0;0;8;12;0;;
28 Ago.;;0;0;0;0;0;;0;0;;0;;0;0;0;;0;;0;0;0;;0;;;0;0;0;;0;0;;0;0;0;1;0;0;0;0;0;;0;0;;0;0;7;8;0;;
29 Ago.;;0;0;0;0;0;;0;0;;0;;0;0;0;;0;;0;0;0;;0;;;0;0;0;;0;0;;0;0;0;1;0;0;0;0;0;;0;0;;0;0;2;3;0;;
30 Ago.;;0;0;0;0;0;;0;0;;0;;0;0;0;;1;;0;0;0;;0;;;0;0;0;;0;0;;0;4;0;4;0;0;0;0;0;;0;0;;0;0;6;15;0;;
31 Ago.;;0;0;0;0;0;;0;0;;0;;0;0;0;;0;;0;0;0;;0;;;0;0;0;;0;0;;0;1;0;1;0;0;0;0;0;;0;0;;0;1;4;7;0;;
1   Sep.;;0;0;0;0;0;;0;0;;0;;0;0;0;;0;;0;0;0;;0;;;0;0;0;;2;0;;0;1;0;4;0;0;0;0;0;;0;0;;0;0;16;23;4;;
2   Sep.;;0;0;0;1;0;;0;0;;0;;0;0;0;;0;;0;0;0;;0;;;0;1;0;;7;0;;0;1;0;4;0;0;0;0;0;;0;0;;0;0;9;23;2;;
3   Sep.;;0;0;0;0;0;;1;1;;0;;0;0;0;;0;;0;0;0;;0;;;0;1;0;;1;0;;0;2;0;4;0;0;0;0;0;;0;0;;0;1;6;17;3;;
4   Sep.;;0;0;0;0;0;;0;0;;0;;0;0;0;;0;;0;0;0;;0;;;0;2;0;;4;0;;0;0;0;2;0;0;0;0;0;;0;0;;0;0;8;16;4;;
5   Sep.;;0;0;0;1;0;;0;1;;0;;1;0;0;;1;;0;0;0;;0;;;0;1;0;;0;0;;0;1;0;1;0;0;0;0;0;;0;0;;0;1;8;16;2;;
6   Sep.;;0;0;0;0;0;;0;1;;0;;4;0;1;;2;;0;0;0;;0;;;0;1;0;;4;0;;0;2;0;8;0;0;0;0;0;;0;0;;0;1;17;41;3;;
7   Sep.;;0;0;0;0;0;;0;0;;0;;1;0;0;;0;;0;0;0;;0;;;0;0;0;;4;0;;0;0;0;5;0;0;0;0;0;;0;0;;0;0;18;28;5;;
8   Sep.;;0;0;0;0;0;;0;0;;0;;1;0;0;;0;;0;0;0;;0;;;0;0;0;;1;0;;0;1;0;1;0;0;0;0;0;;0;0;;0;0;5;9;1;;
9   Sep.;;0;0;0;1;0;;0;0;;0;;0;0;1;;1;;0;0;0;;0;;;0;0;0;;0;0;;0;1;0;13;0;0;0;0;0;;0;0;;0;0;12;29;4;;
10 Sep.;;0;0;0;2;0;;0;0;;0;;0;0;0;;3;;0;0;0;;0;;;0;0;0;;2;0;;0;2;0;9;0;0;0;0;0;;0;0;;0;0;14;32;18;;
11 Sep.;;0;0;0;0;0;;0;0;;0;;0;0;0;;1;;0;0;0;;0;;;0;0;0;;2;0;;0;0;0;2;0;0;0;0;0;;0;0;;0;0;5;10;8;;
12 Sep.;;0;0;0;0;0;;0;2;;0;;0;0;0;;0;;0;0;0;;0;;;0;1;0;;2;0;;0;1;0;1;0;0;0;0;0;;0;0;;0;0;5;12;14;;
13 Sep.;;0;0;0;0;0;;0;0;;0;;4;0;0;;1;;0;0;0;;0;;;0;1;0;;1;0;;0;0;0;2;0;0;0;0;0;;0;0;;0;1;3;13;2;;
14 Sep.;;0;0;0;0;0;;0;0;;0;;0;0;1;;1;;0;0;0;;0;;;0;0;0;;0;0;;0;1;0;1;0;0;0;0;0;;0;0;;0;1;7;12;1;;
15 Sep.;;0;0;0;0;0;;0;1;;0;;0;0;0;;1;;0;0;0;;0;;;0;0;0;;4;0;;0;1;0;6;0;0;0;0;0;;0;0;;0;0;8;21;7;;
16 Sep.;;0;0;0;1;0;;0;0;;2;;0;0;1;;3;;0;0;0;;0;;;0;1;0;;2;0;;0;0;0;6;0;0;0;0;0;;0;0;;0;1;8;25;20;;
17 Sep.;;0;0;0;0;0;;0;0;;0;;0;0;0;;1;;1;0;0;;0;;;0;0;0;;3;0;;0;1;0;1;0;0;0;0;0;;0;0;;0;0;1;8;4;;
18 Sep.;;0;0;0;0;0;;1;0;;1;;0;0;1;;2;;0;0;0;;0;;;0;0;0;;3;0;;0;2;0;1;0;0;0;0;0;;0;0;;0;1;4;16;5;;
19 Sep.;;0;0;0;1;0;;0;0;;1;;0;0;0;;1;;1;0;0;;0;;;0;0;0;;2;0;;0;1;0;3;0;0;0;0;0;;0;0;;0;1;1;12;3;;
20 Sep.;;0;0;0;0;0;;0;0;;0;;0;0;0;;0;;0;0;0;;0;;;0;0;0;;0;0;;0;1;0;1;0;0;0;0;0;;0;0;;0;0;3;5;1;;
21 Sep.;;0;0;0;0;0;;0;0;;0;;0;0;0;;0;;1;0;0;;0;;;0;0;0;;0;0;;0;0;0;0;0;0;0;0;0;;0;0;;0;0;0;1;0;;
22 Sep.;;0;0;0;0;0;;0;0;;0;;0;0;0;;0;;0;0;0;;0;;;0;2;0;;0;0;;0;0;0;2;0;0;0;0;0;;0;0;;0;0;2;6;8;;
23 Sep.;;0;0;0;0;0;;0;0;;0;;0;0;0;;0;;0;0;0;;0;;;0;0;0;;0;0;;0;1;0;1;0;0;0;0;0;;0;0;;0;0;1;3;0;;
24 Sep.;;0;0;0;1;0;;0;0;;0;;0;0;0;;0;;0;0;0;;0;;;0;1;0;;0;0;;0;0;0;1;0;0;0;0;0;;0;0;;0;0;0;3;1;;
25 Sep.;;0;0;0;0;0;;0;0;;0;;0;0;0;;0;;0;0;0;;0;;;0;0;0;;0;0;;0;0;0;0;0;0;0;0;0;;0;0;;0;0;0;0;0;;
26 Sep.;;0;0;0;0;0;;0;0;;0;;0;0;0;;0;;0;0;0;;0;;;0;0;0;;0;0;;0;1;0;0;0;0;0;0;0;;0;0;;0;0;1;2;0;;
27 Sep.;;0;0;0;0;0;;0;0;;0;;0;0;0;;1;;0;0;0;;0;;;0;0;0;;0;0;;1;1;0;0;0;0;0;0;0;;0;0;;0;0;2;5;0;;
28 Sep.;;0;0;0;0;0;;0;0;;0;;0;0;0;;0;;0;0;0;;0;;;0;0;0;;0;0;;0;1;0;0;0;0;0;0;0;;0;0;;0;0;1;2;0;;
29 Sep.;;0;0;0;0;0;;0;0;;0;;0;0;0;;0;;0;0;0;;0;;;0;0;0;;0;0;;0;0;0;0;0;0;0;0;0;;0;0;;0;0;0;0;0;;
30 Sep.;;0;0;0;0;0;;0;0;;0;;0;0;0;;0;;0;0;0;;0;;;0;0;0;;0;0;;0;0;0;0;0;0;0;0;0;;0;0;;0;0;0;0;0;;
1   Oct.;;0;0;0;0;0;;0;0;;0;;2;0;1;;0;;1;0;0;;0;;;0;1;0;;0;0;;0;0;0;0;0;0;0;0;0;;1;0;;0;0;1;7;0;;
2   Oct.;;0;0;0;0;0;;0;0;;0;;0;0;0;;0;;0;0;0;;0;;;0;0;0;;2;0;;0;0;0;1;0;0;0;0;0;;0;0;;0;0;0;3;0;;
3   Oct.;;0;0;0;0;0;;0;0;;0;;0;0;0;;0;;0;0;0;;0;;;0;1;0;;0;0;;0;0;0;0;0;0;0;0;0;;0;0;;0;0;0;1;0;;
4   Oct.;;0;0;0;0;0;;0;0;;0;;0;0;0;;0;;0;0;0;;0;;;0;0;0;;0;0;;0;0;0;0;0;0;0;0;0;;0;0;;0;0;0;0;0;;
5   Oct.;;0;0;0;0;0;;0;0;;0;;0;0;0;;0;;0;0;0;;0;;;0;0;0;;0;0;;0;0;0;0;0;0;0;0;0;;0;0;;0;0;0;0;0;;
6   Oct.;;0;0;0;0;0;;0;0;;2;;1;0;1;;0;;0;0;0;;0;;;0;0;0;;3;0;;0;1;0;1;0;1;0;0;0;;0;0;;0;0;4;14;22;;
7   Oct.;;0;0;0;0;0;;0;0;;0;;0;0;1;;0;;1;0;0;;0;;;0;0;0;;0;0;;0;0;0;0;0;0;0;0;0;;0;0;;0;0;1;3;4;;
8   Oct.;;0;0;0;0;0;;0;0;;1;;0;0;3;;0;;0;0;0;;0;;;0;0;0;;2;0;;0;1;0;0;0;0;0;0;0;;0;0;;0;0;7;14;14;;
9   Oct.;;0;0;0;0;0;;0;0;;0;;0;0;0;;0;;0;0;0;;0;;;0;0;0;;0;0;;0;0;0;0;0;0;0;0;0;;0;0;;0;0;1;1;0;;
10 Oct.;;0;0;0;0;0;;0;0;;0;;0;0;0;;0;;0;0;0;;0;;;0;0;0;;0;0;;0;0;0;0;0;0;0;0;0;;0;0;;0;0;0;0;2;;
11 Oct.;;0;0;0;0;0;;0;0;;0;;0;0;1;;0;;0;0;0;;0;;;0;0;0;;5;0;;0;0;0;0;0;0;0;0;0;;0;0;;0;0;2;8;3;;
12 Oct.;;0;0;0;0;0;;0;0;;0;;0;0;2;;0;;0;0;0;;0;;;0;0;0;;3;0;;0;0;0;0;0;0;0;0;0;;0;0;;0;0;1;6;11;;
13 Oct.;;0;0;0;0;0;;0;0;;1;;0;0;1;;0;;0;0;0;;0;;;0;0;0;;2;0;;0;0;0;0;0;0;0;0;0;;0;0;;0;0;1;5;0;;
14 Oct.;;0;0;0;0;0;;0;0;;0;;0;0;1;;0;;0;0;0;;0;;;0;0;0;;0;0;;0;1;0;0;0;0;0;0;0;;0;0;;0;0;2;4;2;;
15 Oct.;;0;0;0;0;0;;0;0;;1;;0;0;1;;0;;0;0;0;;0;;;0;0;0;;7;0;;0;0;0;0;0;0;0;0;0;;0;0;;0;0;2;11;0;;
16 Oct.;;0;0;0;0;0;;0;0;;0;;0;0;2;;0;;0;0;0;;0;;;0;1;0;;1;0;;0;0;0;1;0;0;0;0;0;;0;0;;0;0;2;7;2;;
17 Oct.;;0;0;0;1;0;;1;0;;1;;0;0;18;;1;;0;0;0;;0;;;0;0;0;;3;0;;0;0;0;1;0;0;0;0;0;;0;0;;0;0;4;30;7;;
18 Oct.;;0;0;0;0;0;;0;0;;0;;0;0;18;;1;;0;0;0;;0;;;0;1;0;;5;0;;0;1;0;0;0;0;0;0;0;;0;0;;0;0;2;28;4;;
19 Oct.;;0;0;0;0;0;;0;0;;0;;0;0;4;;0;;1;0;0;;0;;;0;0;0;;1;0;;0;0;0;1;0;1;0;0;0;;0;0;;0;0;1;9;4;;
20 Oct.;;0;0;0;1;0;;0;0;;0;;0;0;5;;0;;0;0;0;;0;;;0;0;0;;1;0;;0;1;0;0;0;0;0;0;0;;0;0;;0;0;1;9;1;;
21 Oct.;;0;0;0;0;0;;0;0;;0;;0;0;1;;0;;0;0;0;;0;;;0;0;0;;0;0;;0;0;0;0;0;0;0;0;0;;0;0;;0;0;0;1;0;;
22 Oct.;;0;0;0;0;0;;0;0;;0;;0;0;0;;0;;0;0;0;;0;;;0;0;0;;1;0;;0;0;0;0;0;0;0;0;0;;0;0;;0;0;1;2;2;;
23 Oct.;;0;0;0;0;0;;0;0;;0;;0;0;0;;0;;0;0;0;;0;;;0;0;0;;0;0;;0;0;0;1;0;0;0;0;0;;0;0;;0;0;1;2;2;;
24 Oct.;;0;0;0;0;0;;0;0;;0;;0;0;1;;0;;0;0;0;;0;;;0;1;0;;1;0;;0;0;0;0;0;0;0;0;0;;0;0;;0;0;1;4;0;;
25 Oct.;;0;0;0;0;0;;0;0;;0;;0;0;0;;0;;0;0;0;;0;;;0;0;0;;1;0;;0;0;0;0;0;0;0;0;0;;0;0;;0;0;1;2;0;;
26 Oct.;;0;0;0;0;0;;0;0;;0;;0;0;1;;0;;0;0;0;;0;;;0;0;0;;0;0;;0;0;0;0;0;0;0;0;0;;0;0;;0;0;1;2;1;;
27 Oct.;;0;0;0;5;0;;0;0;;1;;1;0;13;;0;;1;0;0;;0;;;0;0;0;;1;0;;0;0;0;1;0;0;0;0;0;;0;0;;0;0;0;23;7;;
28 Oct.;;0;0;0;2;0;;0;0;;1;;0;0;5;;0;;0;0;0;;0;;;0;0;0;;1;0;;0;0;0;1;0;0;0;0;0;;0;0;;0;0;1;11;2;;
29 Oct.;;0;0;0;1;0;;0;0;;1;;0;0;3;;0;;0;0;0;;0;;;0;0;0;;1;0;;0;0;0;1;0;0;0;0;0;;0;0;;0;0;7;14;2;;
30 Oct.;;0;0;0;0;0;;0;0;;2;;0;0;2;;1;;0;0;0;;0;;;0;0;0;;2;0;;0;1;0;0;0;0;0;0;0;;0;0;;0;0;1;9;2;;
31 Oct.;;0;0;0;1;0;;0;0;;6;;0;0;13;;0;;1;0;0;;0;;;0;0;0;;2;0;;0;1;0;0;0;0;0;0;0;;0;0;;0;0;0;24;1;;
1   Nov.;;0;0;0;0;0;;0;0;;0;;0;0;2;;1;;0;0;0;;0;;;0;0;0;;2;0;;0;0;0;0;0;0;0;0;0;;0;0;;0;0;0;5;2;;
2   Nov.;;0;0;0;1;0;;0;0;;2;;0;0;1;;0;;0;0;0;;0;;;0;0;0;;0;0;;0;0;0;0;0;0;0;0;0;;0;0;;0;0;0;4;1;;
3   Nov.;;0;0;0;1;0;;0;0;;1;;0;0;0;;0;;0;0;0;;0;;;0;0;0;;0;0;;0;0;0;0;0;0;0;0;0;;0;0;;0;0;0;2;0;;
4   Nov.;;0;0;0;0;0;;0;0;;0;;0;0;0;;0;;0;0;0;;0;;;0;0;0;;0;0;;0;0;0;0;0;0;0;0;0;;0;0;;0;0;0;0;0;;
5   Nov.;;0;0;0;0;0;;0;0;;0;;0;0;0;;0;;0;0;0;;0;;;0;0;0;;0;0;;0;0;0;0;0;0;0;0;0;;0;0;;0;0;0;0;0;;
6   Nov.;;0;0;0;0;0;;0;0;;2;;0;0;0;;0;;0;0;0;;0;;;0;0;0;;0;0;;0;0;0;0;0;0;0;0;0;;0;0;;0;0;2;4;0;;
7   Nov.;;0;0;0;0;0;;0;0;;0;;0;0;0;;0;;0;0;0;;0;;;0;0;0;;0;0;;0;0;0;0;0;0;0;0;0;;0;0;;0;0;1;1;0;;
8   Nov.;;0;0;0;1;0;;0;0;;1;;0;0;3;;0;;0;0;0;;0;;;0;0;0;;0;0;;0;0;0;0;0;0;0;0;0;;0;0;;0;0;1;6;1;;
9   Nov.;;0;0;0;0;0;;0;0;;1;;0;0;0;;0;;0;0;0;;0;;;0;0;0;;0;0;;0;0;0;0;0;0;0;0;0;;0;0;;0;0;0;1;0;;
10 Nov.;;0;0;0;5;0;;0;0;;1;;0;0;0;;1;;0;0;0;;0;;;0;0;0;;0;0;;0;0;0;0;0;0;0;0;0;;0;0;;0;0;1;8;1;;
11 Nov.;;0;0;1;0;0;;0;0;;0;;0;0;1;;0;;0;0;0;;0;;;0;0;0;;0;0;;0;0;0;0;0;0;0;0;0;;0;0;;0;0;1;3;0;;
12 Nov.;;0;0;0;0;0;;0;0;;1;;0;0;0;;0;;0;0;0;;0;;;0;0;0;;1;0;;0;0;0;1;0;0;0;0;0;;0;0;;0;0;1;4;0;;
13 Nov.;;0;0;0;4;0;;0;0;;1;;0;0;7;;0;;0;0;0;;0;;;0;0;0;;0;0;;0;0;0;0;0;0;0;0;0;;0;0;;0;0;1;13;2;;
14 Nov.;;0;0;0;0;0;;0;0;;0;;0;0;0;;0;;0;0;0;;0;;;0;0;0;;0;0;;0;0;0;1;0;0;0;0;0;;0;0;;0;0;1;2;0;;
15 Nov.;;0;0;0;0;0;;0;0;;0;;0;0;2;;0;;0;0;0;;0;;;0;0;0;;0;0;;0;0;0;0;0;0;0;0;0;;0;0;;0;0;0;2;0;;
16 Nov.;;0;0;0;0;0;;0;0;;0;;0;0;0;;0;;0;0;0;;0;;;0;0;0;;0;0;;0;0;0;0;0;0;0;0;0;;0;0;;0;0;0;0;1;;
17 Nov.;;0;0;0;0;0;;0;0;;0;;0;0;0;;0;;0;0;0;;0;;;0;0;0;;0;0;;0;0;0;0;0;0;0;0;0;;0;0;;0;0;0;0;0;;
18 Nov.;;0;0;0;1;0;;0;0;;0;;0;0;0;;0;;0;0;0;;0;;;0;0;0;;0;0;;0;0;0;0;0;0;0;0;0;;0;0;;0;0;2;3;1;;
19 Nov.;;0;0;0;0;0;;0;0;;0;;0;0;6;;0;;0;0;0;;0;;;0;1;0;;2;0;;0;0;0;0;0;0;0;0;0;;0;0;;0;0;0;9;1;;
20 Nov.;;0;0;0;0;0;;0;0;;0;;0;0;18;;0;;0;0;0;;0;;;0;0;0;;1;0;;0;0;0;0;0;0;0;0;0;;0;0;;0;0;0;19;1;;
21 Nov.;;0;0;0;0;0;;0;0;;1;;0;0;17;;1;;0;0;0;;0;;;0;0;0;;1;0;;0;0;0;1;0;0;0;0;0;;0;0;;0;0;1;22;1;;
22 Nov.;;0;0;0;2;0;;0;0;;1;;0;0;29;;0;;0;0;0;;0;;;0;0;0;;2;0;;0;0;0;0;0;1;0;0;0;;0;0;;0;0;1;36;1;;
23 Nov.;;0;0;0;8;0;;0;0;;0;;0;0;47;;0;;0;0;0;;0;;;0;0;0;;1;0;;0;0;0;0;0;0;0;0;0;;0;0;;0;0;1;57;1;;
24 Nov.;;0;0;0;0;0;;0;0;;0;;0;0;1;;0;;0;0;0;;0;;;0;0;0;;0;0;;0;0;0;0;0;0;0;0;0;;0;0;;0;0;0;1;0;;
25 Nov.;;0;0;0;0;0;;0;0;;0;;0;0;0;;0;;0;0;0;;0;;;0;0;0;;0;0;;0;0;0;0;0;0;0;0;0;;0;0;;0;0;0;0;0;;
26 Nov.;;0;0;0;0;0;;0;0;;0;;0;0;2;;0;;0;0;0;;0;;;0;0;0;;0;0;;0;0;0;0;0;0;0;0;0;;0;0;;0;0;1;3;0;;
27 Nov.;;0;0;0;0;0;;0;0;;1;;0;0;12;;0;;0;0;0;;0;;;0;1;0;;1;0;;0;0;0;0;0;0;0;0;0;;0;0;;0;0;1;16;2;;
28 Nov.;;0;0;0;0;0;;0;0;;0;;0;0;11;;0;;0;0;0;;0;;;0;0;0;;2;0;;0;0;0;0;0;0;0;0;0;;0;0;;0;0;2;15;1;;
29 Nov.;;0;0;0;0;0;;0;0;;0;;0;0;0;;0;;0;0;0;;0;;;0;0;0;;0;0;;0;0;0;0;0;0;0;0;0;;0;0;;0;0;0;0;0;;
30 Nov.;;0;0;1;1;0;;0;0;;0;;0;0;0;;0;;0;0;0;;0;;;0;1;0;;0;0;;0;0;0;0;0;0;0;0;0;;0;0;;0;0;0;3;1;;
1   Dic.;;0;0;0;0;0;;0;0;;0;;0;0;0;;0;;0;0;0;;0;;;0;0;0;;0;0;;0;0;0;0;0;0;0;0;0;;0;0;;0;0;0;0;0;;
2   Dic.;;0;0;0;0;0;;0;0;;0;;0;0;0;;0;;0;0;0;;0;;;0;0;0;;2;0;;0;0;0;0;0;0;0;0;0;;0;0;;0;0;1;3;0;;
3   Dic.;;0;0;0;0;0;;0;0;;0;;0;0;0;;0;;0;0;0;;0;;;0;0;0;;0;0;;0;0;0;0;0;0;0;0;0;;0;0;;0;0;1;1;0;;
4   Dic.;;0;0;0;0;0;;0;0;;0;;0;0;1;;0;;0;0;0;;0;;;0;0;0;;0;0;;0;0;0;0;0;0;0;0;0;;0;0;;0;0;0;1;0;;
5   Dic.;;0;0;0;0;0;;0;0;;0;;0;0;0;;0;;0;0;0;;0;;;0;0;0;;0;0;;0;0;0;0;0;0;0;0;0;;0;0;;0;0;0;0;0;;
6   Dic.;;0;0;0;0;0;;0;0;;0;;0;0;0;;0;;0;0;0;;0;;;0;0;0;;0;0;;0;0;0;0;0;0;0;0;0;;0;0;;0;0;0;0;0;;
7   Dic.;;0;0;0;0;0;;0;0;;0;;0;0;0;;0;;0;0;0;;0;;;0;0;0;;0;0;;0;0;0;0;0;0;0;0;0;;0;0;;0;0;0;0;0;;
8   Dic.;;0;0;0;0;0;;0;0;;0;;0;0;0;;0;;0;0;0;;0;;;0;0;0;;0;0;;0;0;0;0;0;0;0;0;0;;0;0;;0;0;0;0;0;;
9   Dic.;;0;0;0;0;0;;0;0;;1;;0;0;0;;0;;0;0;0;;0;;;0;0;0;;0;0;;0;0;0;0;0;0;0;0;0;;0;0;;0;0;0;1;0;;
10 Dic.;;0;0;0;0;0;;0;0;;0;;0;0;0;;0;;0;0;0;;0;;;0;1;0;;0;0;;0;0;0;0;0;0;0;0;0;;0;0;;0;0;0;1;0;;
11 Dic.;;0;0;0;0;0;;0;0;;0;;0;0;0;;0;;0;0;0;;0;;;0;0;0;;1;0;;0;0;0;0;0;0;0;0;0;;0;0;;0;0;1;2;1;;
12 Dic.;;0;0;0;0;0;;0;0;;0;;0;0;13;;0;;0;0;0;;0;;;0;1;0;;3;0;;0;0;0;1;0;0;0;0;0;;0;0;;0;0;2;20;0;;
13 Dic.;;0;0;0;0;0;;0;0;;0;;0;0;8;;0;;0;0;0;;0;;;0;0;0;;0;0;;0;0;0;1;0;0;0;0;0;;0;0;;0;0;1;10;1;;
14 Dic.;;0;0;0;0;0;;0;0;;0;;0;0;0;;0;;0;0;0;;0;;;0;0;0;;0;0;;0;0;0;0;0;0;0;0;0;;0;0;;0;0;0;0;0;;
15 Dic.;;0;0;0;0;0;;0;0;;0;;0;0;0;;0;;0;0;0;;0;;;0;0;0;;0;0;;1;0;0;0;0;0;0;0;0;;0;0;;0;0;0;1;0;;
16 Dic.;;0;0;0;0;0;;0;0;;0;;0;0;0;;0;;0;0;0;;0;;;0;0;0;;0;0;;0;0;0;0;0;0;0;0;0;;0;0;;0;0;0;0;0;;
17 Dic.;;0;0;0;0;0;;0;0;;0;;0;0;0;;0;;0;0;0;;0;;;0;0;0;;0;0;;0;0;0;0;0;0;0;0;0;;0;0;;0;0;0;0;0;;
18 Dic.;;0;0;0;0;0;;0;0;;0;;0;0;0;;0;;0;0;0;;0;;;0;0;0;;0;0;;0;0;0;0;0;0;0;0;0;;0;0;;0;0;0;0;0;;
19 Dic.;;0;0;0;0;0;;0;0;;0;;0;0;0;;0;;0;0;0;;0;;;0;0;0;;0;0;;0;0;0;0;0;0;0;0;0;;0;0;;0;0;0;0;0;;
20 Dic.;;0;0;0;0;0;;0;0;;0;;0;0;0;;0;;0;0;0;;0;;;0;0;0;;0;0;;0;0;0;0;0;0;0;0;0;;0;0;;0;0;0;0;0;;
21 Dic.;;0;0;0;0;0;;0;0;;0;;0;0;0;;0;;0;0;0;;0;;;0;0;0;;0;0;;0;0;0;0;0;0;0;0;0;;0;0;;0;0;0;0;0;;
22 Dic.;;0;0;0;0;0;;0;0;;0;;0;0;1;;0;;0;0;0;;0;;;0;0;0;;0;0;;0;0;0;0;0;0;0;0;0;;0;0;;0;0;0;1;0;;
23 Dic.;;0;0;0;0;0;;0;0;;0;;0;0;1;;0;;0;0;0;;0;;;0;0;0;;0;0;;0;0;0;0;0;0;0;0;0;;0;0;;0;0;0;1;1;;
24 Dic.;;0;0;0;0;0;;0;0;;0;;0;0;0;;0;;0;0;0;;0;;;0;0;0;;0;0;;0;0;0;0;0;0;0;0;0;;0;0;;0;0;1;1;1;;
25 Dic.;;0;0;0;0;0;;0;0;;0;;0;0;0;;0;;0;0;0;;0;;;0;0;0;;0;0;;0;0;0;0;0;0;0;0;0;;0;0;;0;0;0;0;0;;
26 Dic.;;0;0;0;0;0;;0;0;;0;;0;0;0;;0;;0;0;0;;0;;;0;0;0;;0;0;;0;0;0;0;0;0;0;0;0;;0;0;;0;0;0;0;0;;
27 Dic.;;0;0;0;0;0;;0;0;;0;;0;0;0;;0;;0;0;0;;0;;;0;0;0;;0;0;;0;0;0;0;0;0;0;0;0;;0;0;;0;0;0;0;0;;
28 Dic.;;0;0;0;0;0;;0;0;;0;;0;0;0;;0;;0;0;0;;0;;;0;0;0;;0;0;;0;0;0;0;0;0;0;0;0;;0;0;;0;0;0;0;0;;
29 Dic.;;0;0;0;0;0;;0;0;;0;;0;0;0;;0;;0;0;0;;0;;;0;0;0;;0;0;;0;0;0;0;0;0;0;0;0;;0;0;;0;0;0;0;0;;
30 Dic.;;0;0;0;0;0;;0;0;;0;;0;0;0;;0;;0;0;0;;0;;;0;0;0;;0;0;;0;0;0;0;0;0;0;0;0;;0;0;;0;0;0;0;0;;
31 Dic.;;0;0;0;0;0;;0;0;;0;;0;0;0;;0;;0;0;0;;0;;;0;0;0;;0;0;;0;0;0;0;0;0;0;0;0;;0;0;;0;0;0;0;0;;
;;;;;;;;;;;;;;;;;;;;;;;;;;;;;;;;;;;;;;;;;;;;;;;;;;;;
;;;;;;;;;;;;;;;;;;;;;;;;;;;;;;;;;;;;;;;;;;;;;;;;;;;;
;;;;;;;;;;;;;;;;;;;;;;;;;;;;;;;;;;;;;;;;;;;;;;;;;;;;
;;;;;;;;;;;;;;;;;;;;;;;;;;;;;;;;;;;;;;;;;;;;;;;;;;
;;;;;;;;;;;;;;;;;;;;;;;;;;;;;;;;;;;;;;;;;;;;;;;;;;
;;;;;;;;;;;;;;;;;;;;;;;;;;;;;;;;;;;;;;;;;;;;;;;;;;
;;;;;;;;;;;;;;;;;;;;;;;;;;;;;;;;;;;;;;;;;;;;;;;;;;
;;;;;;;;;;;;;;;;;;;;;;;;;;;;;;;;;;;;;;;;;;;;;;;;;;
;;;;;;;;;;;;;;;;;;;;;;;;;;;;;;;;;;;;;;;;;;;;;;;;;;
;;;;;;;;;;;;;;;;;;;;;;;;;;;;;;;;;;;;;;;;;;;;;;;;;;
;;;;;;;;;;;;;;;;;;;;;;;;;;;;;;;;;;;;;;;;;;;;;;;;;;
;;;;;;;;;;;;;;;;;;;;;;;;;;;;;;;;;;;;;;;;;;;;;;;;;;
;;;;;;;;;;;;;;;;;;;;;;;;;;;;;;;;;;;;;;;;;;;;;;;;;;
;;;;;;;;;;;;;;;;;;;;;;;;;;;;;;;;;;;;;;;;;;;;;;;;;;
;;;;;;;;;;;;;;;;;;;;;;;;;;;;;;;;;;;;;;;;;;;;;;;;;;
;;;;;;;;;;;;;;;;;;;;;;;;;;;;;;;;;;;;;;;;;;;;;;;;;;
;;;;;;;;;;;;;;;;;;;;;;;;;;;;;;;;;;;;;;;;;;;;;;;;;;
;;;;;;;;;;;;;;;;;;;;;;;;;;;;;;;;;;;;;;;;;;;;;;;;;;
;;;;;;;;;;;;;;;;;;;;;;;;;;;;;;;;;;;;;;;;;;;;;;;;;;
;;;;;;;;;;;;;;;;;;;;;;;;;;;;;;;;;;;;;;;;;;;;;;;;;;
;;;;;;;;;;;;;;;;;;;;;;;;;;;;;;;;;;;;;;;;;;;;;;;;;;
;;;;;;;;;;;;;;;;;;;;;;;;;;;;;;;;;;;;;;;;;;;;;;;;;;
;;;;;;;;;;;;;;;;;;;;;;;;;;;;;;;;;;;;;;;;;;;;;;;;;;
;;;;;;;;;;;;;;;;;;;;;;;;;;;;;;;;;;;;;;;;;;;;;;;;;;
;;;;;;;;;;;;;;;;;;;;;;;;;;;;;;;;;;;;;;;;;;;;;;;;;;
;;;;;;;;;;;;;;;;;;;;;;;;;;;;;;;;;;;;;;;;;;;;;;;;;;
;;;;;;;;;;;;;;;;;;;;;;;;;;;;;;;;;;;;;;;;;;;;;;;;;;
;;;;;;;;;;;;;;;;;;;;;;;;;;;;;;;;;;;;;;;;;;;;;;;;;;
;;;;;;;;;;;;;;;;;;;;;;;;;;;;;;;;;;;;;;;;;;;;;;;;;;
;;;;;;;;;;;;;;;;;;;;;;;;;;;;;;;;;;;;;;;;;;;;;;;;;;
;;;;;;;;;;;;;;;;;;;;;;;;;;;;;;;;;;;;;;;;;;;;;;;;;;
;;;;;;;;;;;;;;;;;;;;;;;;;;;;;;;;;;;;;;;;;;;;;;;;;;
;;;;;;;;;;;;;;;;;;;;;;;;;;;;;;;;;;;;;;;;;;;;;;;;;;
;;;;;;;;;;;;;;;;;;;;;;;;;;;;;;;;;;;;;;;;;;;;;;;;;;
;;;;;;;;;;;;;;;;;;;;;;;;;;;;;;;;;;;;;;;;;;;;;;;;;;
;;;;;;;;;;;;;;;;;;;;;;;;;;;;;;;;;;;;;;;;;;;;;;;;;;
;;;;;;;;;;;;;;;;;;;;;;;;;;;;;;;;;;;;;;;;;;;;;;;;;;
;;;;;;;;;;;;;;;;;;;;;;;;;;;;;;;;;;;;;;;;;;;;;;;;;;
;;;;;;;;;;;;;;;;;;;;;;;;;;;;;;;;;;;;;;;;;;;;;;;;;;
;;;;;;;;;;;;;;;;;;;;;;;;;;;;;;;;;;;;;;;;;;;;;;;;;;
;;;;;;;;;;;;;;;;;;;;;;;;;;;;;;;;;;;;;;;;;;;;;;;;;;
;;;;;;;;;;;;;;;;;;;;;;;;;;;;;;;;;;;;;;;;;;;;;;;;;;
;;;;;;;;;;;;;;;;;;;;;;;;;;;;;;;;;;;;;;;;;;;;;;;;;;
;;;;;;;;;;;;;;;;;;;;;;;;;;;;;;;;;;;;;;;;;;;;;;;;;;
;;;;;;;;;;;;;;;;;;;;;;;;;;;;;;;;;;;;;;;;;;;;;;;;;;
;;;;;;;;;;;;;;;;;;;;;;;;;;;;;;;;;;;;;;;;;;;;;;;;;;
;;;;;;;;;;;;;;;;;;;;;;;;;;;;;;;;;;;;;;;;;;;;;;;;;;
;;;;;;;;;;;;;;;;;;;;;;;;;;;;;;;;;;;;;;;;;;;;;;;;;;
;;;;;;;;;;;;;;;;;;;;;;;;;;;;;;;;;;;;;;;;;;;;;;;;;;
;;;;;;;;;;;;;;;;;;;;;;;;;;;;;;;;;;;;;;;;;;;;;;;;;;
;;;;;;;;;;;;;;;;;;;;;;;;;;;;;;;;;;;;;;;;;;;;;;;;;;
;;;;;;;;;;;;;;;;;;;;;;;;;;;;;;;;;;;;;;;;;;;;;;;;;;
;;;;;;;;;;;;;;;;;;;;;;;;;;;;;;;;;;;;;;;;;;;;;;;;;;
;;;;;;;;;;;;;;;;;;;;;;;;;;;;;;;;;;;;;;;;;;;;;;;;;;
;;;;;;;;;;;;;;;;;;;;;;;;;;;;;;;;;;;;;;;;;;;;;;;;;;
;;;;;;;;;;;;;;;;;;;;;;;;;;;;;;;;;;;;;;;;;;;;;;;;;;
;;;;;;;;;;;;;;;;;;;;;;;;;;;;;;;;;;;;;;;;;;;;;;;;;;
;;;;;;;;;;;;;;;;;;;;;;;;;;;;;;;;;;;;;;;;;;;;;;;;;;
;;;;;;;;;;;;;;;;;;;;;;;;;;;;;;;;;;;;;;;;;;;;;;;;;;
;;;;;;;;;;;;;;;;;;;;;;;;;;;;;;;;;;;;;;;;;;;;;;;;;;
;;;;;;;;;;;;;;;;;;;;;;;;;;;;;;;;;;;;;;;;;;;;;;;;;;
;;;;;;;;;;;;;;;;;;;;;;;;;;;;;;;;;;;;;;;;;;;;;;;;;;
;;;;;;;;;;;;;;;;;;;;;;;;;;;;;;;;;;;;;;;;;;;;;;;;;;
;;;;;;;;;;;;;;;;;;;;;;;;;;;;;;;;;;;;;;;;;;;;;;;;;;
;;;;;;;;;;;;;;;;;;;;;;;;;;;;;;;;;;;;;;;;;;;;;;;;;;
;;;;;;;;;;;;;;;;;;;;;;;;;;;;;;;;;;;;;;;;;;;;;;;;;;
;;;;;;;;;;;;;;;;;;;;;;;;;;;;;;;;;;;;;;;;;;;;;;;;;;
;;;;;;;;;;;;;;;;;;;;;;;;;;;;;;;;;;;;;;;;;;;;;;;;;;
;;;;;;;;;;;;;;;;;;;;;;;;;;;;;;;;;;;;;;;;;;;;;;;;;;
